id,RM259,RM575,RM576,A01P09257,D113B,D115A,RM11088,RM11489,RM302,RM11842,RD0115_2,D143A,RD0201,RM12398,RM3294,D212A,RM3858,RM1303,RD0208_1N,RD0209,RM6,D237B,RM1092,RM6312,RM535,D301A,RD0302,RD0303,RD0304,A03P10151,RM5419,RM15080,RD0308,RM426,RM1004,RM422,RM7389,RM16252,RM2416,D417,RM5687,RM471,RD0406_1,D440B,D456,D459A,RM3648,RM17672,RD0502,RM405,RD0504,RM169,RM5140,RD0508,RM3295,RM18858,RM1054,RM19202,RM469,Wx,RM225,RM276,Alk,RD0607,RM20092,RM3827,A06P27164,RM3138,RM5463,A07P00445,RM3325,RM5711,RM21260,RM445,RD0707,RD0708,RM1364,RM1306,RM5647,RM310,RD0806_5,RM7356,RM210,RM5485,RM447,RM6948,RM23662,D919,RD0904_1,RD0905_2,A09015621,RD0908,RM1553,RM7306,RD1001_7,RM474,RM5348,RM5708,RM258,RM1146,RM333,D1110,RM202,RM26834,RD1108_2,D1153,RM1233,D1162,RM3323,RM27610,RM2935,RM1261,RD12081_3,RM5479,RD1210_1
,1,1,1,1,1,1,1,1,1,1,1,1,2,2,2,2,2,2,2,2,2,2,2,2,2,3,3,3,3,3,3,3,3,3,3,3,3,4,4,4,4,4,4,4,4,4,4,4,5,5,5,5,5,5,5,5,5,5,6,6,6,6,6,6,6,6,6,6,6,7,7,7,7,7,7,7,7,7,8,8,8,8,8,8,8,8,9,9,9,9,9,9,9,9,10,10,10,10,10,10,10,11,11,11,11,11,11,11,12,12,12,12,12,12,12
TT001,B,B,B,B,B,B,B,A,A,A,B,B,A,B,B,A,B,A,B,B,B,A,A,A,A,B,B,B,B,B,B,A,A,A,B,B,B,A,A,B,B,A,A,B,A,A,A,A,B,A,A,A,B,A,B,B,B,B,B,B,B,A,A,A,A,A,A,B,B,B,B,B,B,B,B,A,B,B,A,B,B,A,B,A,A,A,A,H,A,A,A,A,A,-,A,A,-,A,-,B,B,A,A,A,A,B,A,A,B,B,B,B,B,B,A
TT002,B,B,B,A,B,B,B,B,A,A,A,B,B,B,B,B,B,B,B,A,A,H,B,A,B,B,B,B,A,H,B,B,B,A,B,B,B,B,B,H,H,H,A,A,A,B,A,A,B,B,A,A,A,A,A,A,A,A,B,B,B,B,A,A,B,B,B,B,B,A,A,A,A,A,A,A,A,A,B,B,A,A,A,A,A,A,B,B,B,B,B,A,A,A,A,A,A,A,B,B,B,A,B,B,B,B,B,B,A,A,A,A,A,A,A
TT004,A,A,A,B,B,B,B,B,A,A,A,A,A,A,B,B,B,B,B,B,B,H,B,B,B,B,B,B,B,B,B,A,B,B,B,B,A,B,B,B,B,A,A,A,A,A,A,B,A,A,A,B,B,B,H,B,B,B,B,B,A,A,-,H,H,B,A,A,A,B,A,A,B,B,B,B,B,B,B,B,B,A,A,A,A,B,B,B,B,B,A,B,B,B,A,-,-,A,A,A,A,A,A,A,A,A,A,A,A,A,B,B,A,A,A
TT005,B,B,B,B,B,B,B,B,B,B,A,A,A,A,A,A,A,A,A,A,A,A,A,A,A,A,B,B,B,B,B,B,B,A,A,B,A,A,B,B,B,B,B,B,B,B,B,B,B,A,A,A,A,H,B,B,B,B,B,B,B,B,B,B,A,B,B,B,B,A,A,A,A,A,A,A,A,A,A,A,A,B,A,A,B,B,H,A,A,A,A,A,A,B,A,-,A,A,B,B,A,A,A,A,A,A,A,A,A,A,B,B,B,A,A
TT006,B,B,B,A,B,B,B,B,A,A,B,B,A,A,A,B,B,B,B,B,-,A,B,B,B,A,A,A,A,A,A,B,B,-,B,B,B,A,A,B,B,B,B,B,B,B,B,B,A,A,A,A,B,A,B,B,B,B,B,B,B,-,B,B,-,B,B,B,B,B,B,B,B,A,A,A,A,A,B,B,B,A,A,B,B,B,B,A,A,A,A,A,A,A,B,A,-,B,A,A,A,A,A,A,B,A,B,B,A,A,-,A,A,A,A
TT007,B,B,-,B,B,B,B,B,B,B,A,B,B,B,A,A,A,A,B,B,B,B,A,A,A,A,A,A,B,B,B,H,B,-,B,B,B,A,A,B,B,B,A,A,B,B,B,B,A,-,A,A,-,A,A,A,B,B,A,A,A,A,A,A,-,B,B,B,B,B,A,A,A,A,A,B,B,B,-,B,H,B,B,B,B,B,B,B,B,B,B,B,B,B,A,A,A,A,A,B,B,A,A,A,B,B,B,B,B,B,B,B,B,A,B
TT009,A,A,-,A,A,A,A,B,B,B,B,B,A,A,B,B,B,A,A,A,A,A,A,B,B,B,B,A,A,A,A,A,B,A,A,A,A,B,B,B,B,A,A,A,B,B,B,B,B,B,B,A,-,B,A,A,B,B,B,B,A,-,B,B,-,B,A,A,A,A,A,B,B,B,B,B,B,B,B,B,B,B,B,B,B,A,A,B,B,B,B,A,A,A,A,A,A,B,A,A,B,A,B,B,B,A,A,A,A,A,A,A,H,A,B
TT010,A,A,-,B,B,B,B,B,-,B,B,B,A,A,B,B,B,A,A,A,A,A,A,A,A,A,A,A,A,A,A,A,B,H,A,A,A,-,A,A,-,A,A,A,A,A,A,A,B,B,B,B,-,B,A,A,B,B,B,H,B,B,B,B,-,A,B,B,B,B,B,B,B,B,B,B,B,B,A,A,A,B,B,B,A,A,B,B,B,B,B,B,B,A,B,B,B,B,B,B,-,A,A,A,A,A,A,A,A,H,B,-,A,A,A
TT011,A,A,A,A,A,A,A,B,B,B,A,A,B,B,B,A,A,A,A,A,A,A,A,A,A,A,A,A,A,A,A,A,A,A,B,B,A,-,B,B,B,B,B,B,B,B,A,A,B,B,A,A,-,A,A,B,A,A,B,B,A,A,A,B,B,B,B,B,B,B,-,B,A,B,B,B,B,B,-,A,A,A,A,A,A,A,A,A,A,A,A,B,A,A,B,B,-,B,A,A,-,A,A,B,A,A,A,A,A,A,A,A,A,A,B
TT012,B,A,A,A,A,A,B,B,A,B,B,B,A,A,B,B,B,B,B,B,B,B,B,B,B,A,A,A,B,B,B,B,B,-,A,A,-,B,B,B,A,-,A,A,A,A,A,A,H,-,B,B,A,B,B,B,B,B,B,B,B,B,B,B,-,B,A,A,A,A,A,A,A,A,A,B,B,A,-,A,A,A,A,-,B,-,B,B,B,B,B,A,A,A,B,B,B,B,B,B,B,A,-,A,A,A,B,-,A,B,B,-,B,B,B
TT013,B,B,B,B,B,B,A,A,A,A,B,B,A,A,B,B,B,B,B,B,A,A,A,A,A,B,B,A,A,A,A,A,A,A,A,H,B,-,B,A,A,B,H,B,B,B,B,A,B,A,A,A,-,B,B,B,A,A,A,A,A,B,H,A,-,B,A,A,A,A,B,B,B,A,A,A,B,B,-,B,B,B,B,B,B,B,A,B,B,A,A,A,A,B,B,B,B,B,A,A,A,A,B,A,A,A,A,A,A,A,A,A,B,B,B
TT014,A,B,B,B,B,B,B,A,A,A,A,A,B,B,A,B,A,A,A,A,A,A,A,A,A,B,A,A,A,A,B,H,A,A,A,A,B,B,B,B,B,A,A,A,H,H,B,B,A,B,B,B,-,A,A,A,B,B,B,B,B,B,B,B,B,A,A,A,A,A,A,A,B,B,B,B,B,B,-,B,B,A,A,-,A,A,A,B,B,B,B,A,A,A,A,A,B,A,A,A,A,B,B,B,A,A,A,A,A,A,A,A,A,A,A
TT015,A,A,A,A,B,B,A,A,A,A,B,B,B,B,A,A,B,B,A,A,B,B,B,B,A,B,B,A,A,A,B,B,B,H,B,B,B,A,A,B,B,B,B,B,A,A,A,B,A,A,A,-,A,A,A,A,A,A,B,B,B,B,B,B,B,B,A,A,A,A,A,A,A,A,A,A,B,H,B,B,B,B,B,B,B,B,A,B,B,B,B,B,B,A,B,B,-,A,A,A,A,B,B,B,B,B,B,B,B,B,B,B,B,B,B
TT016,B,H,H,A,B,B,B,A,A,A,A,B,B,A,H,A,A,B,B,A,A,A,A,A,A,A,A,A,A,A,A,B,B,B,B,B,B,B,B,B,A,A,A,A,A,A,A,H,A,H,B,B,B,A,A,A,B,B,A,A,A,B,B,B,-,B,A,A,A,B,B,B,B,B,B,B,B,B,A,B,B,B,B,B,B,B,A,H,A,A,A,A,B,B,A,A,A,A,B,B,B,A,B,B,B,B,B,B,A,A,B,B,B,B,B
TT017,B,B,B,B,B,B,B,B,B,B,B,B,B,B,A,B,A,A,A,A,A,A,A,A,A,A,A,A,A,A,A,A,A,B,B,B,A,B,B,B,B,B,A,A,B,A,A,A,B,B,A,A,A,A,A,A,A,B,A,B,A,A,A,A,A,A,A,A,B,B,B,B,B,A,A,A,B,B,A,B,B,B,B,A,A,A,A,B,A,A,A,A,A,A,A,-,A,A,A,A,H,A,A,B,B,B,B,B,A,B,B,B,B,B,B
TT018,B,B,B,B,B,B,A,A,A,A,B,B,A,A,B,B,B,B,B,B,B,B,B,B,B,B,B,B,A,A,A,A,A,A,A,A,A,A,B,B,B,B,B,B,B,B,B,B,A,A,B,-,A,B,B,B,A,B,A,A,A,A,A,B,B,A,A,H,B,B,B,B,B,B,B,B,B,B,A,A,A,B,B,B,B,B,B,A,A,B,A,A,A,B,B,B,B,B,B,B,B,A,B,B,B,B,A,A,B,B,B,B,B,B,B
TT020,B,B,-,B,B,B,B,B,B,H,A,A,B,B,A,B,B,B,B,A,A,A,A,A,A,A,A,A,A,A,A,B,B,B,A,A,B,A,A,A,A,A,A,A,A,B,B,B,B,B,B,B,B,B,B,B,A,A,B,A,B,B,B,B,B,B,B,A,A,B,B,B,B,B,A,B,B,B,B,B,B,B,B,A,A,A,A,A,A,A,A,A,A,A,B,B,A,A,A,A,A,B,B,A,B,B,A,A,A,B,A,A,B,B,B
TT022,B,B,B,B,B,A,A,B,A,A,A,A,A,A,A,A,A,A,A,A,A,A,B,B,B,A,A,A,H,A,A,B,B,A,A,A,A,A,A,B,B,B,B,A,A,A,A,B,B,B,B,B,B,B,A,A,B,B,A,A,B,B,B,B,B,A,B,B,B,A,B,B,A,A,A,A,A,B,A,A,A,A,A,A,A,B,B,B,B,B,B,A,A,A,B,B,B,A,A,B,A,A,B,B,A,A,A,A,A,A,A,A,A,A,A
TT023,A,A,A,A,A,A,A,A,B,B,A,A,A,B,B,B,B,A,A,A,B,B,B,B,B,B,A,A,A,A,A,A,B,A,A,A,B,A,A,A,A,B,B,B,B,A,A,B,B,A,A,A,-,A,B,B,A,A,B,B,B,B,B,B,A,A,A,A,B,B,B,B,A,A,A,B,B,B,B,A,B,B,B,B,B,B,A,B,B,B,B,B,H,B,B,B,A,A,A,B,B,A,A,A,B,A,B,B,A,A,A,A,A,A,B
TT024,B,B,B,B,B,B,A,A,A,A,A,A,B,B,B,B,A,A,A,A,A,A,B,A,A,A,A,A,A,A,B,B,B,B,B,B,A,A,B,B,A,A,A,A,B,B,B,B,B,B,B,B,A,A,A,A,B,B,B,B,B,B,B,B,A,A,B,B,B,B,A,A,B,A,A,A,A,B,B,A,B,B,B,B,A,A,B,A,A,B,B,A,A,B,A,A,B,B,B,B,B,B,B,B,B,B,A,A,A,A,A,A,H,B,A
TT025,A,A,A,A,A,A,A,B,A,A,A,A,A,A,A,B,B,B,B,B,B,A,A,A,A,B,A,A,A,A,A,A,A,-,A,A,B,-,B,A,A,A,A,A,A,A,A,A,B,B,A,-,A,A,A,A,A,A,B,B,B,B,B,B,B,B,A,A,A,A,A,A,B,B,B,B,A,A,B,B,B,B,B,B,B,B,B,B,A,A,A,A,B,B,A,A,A,A,A,A,A,B,B,B,B,B,A,A,A,A,A,A,A,A,A
TT026,B,B,-,B,B,B,B,A,A,A,A,A,A,A,A,B,B,B,B,A,A,B,B,B,B,B,B,B,A,A,A,B,B,-,B,B,B,B,B,B,B,B,B,A,A,A,A,B,A,-,B,B,B,B,B,B,B,B,A,A,B,-,B,B,B,A,B,A,B,A,A,A,B,B,B,B,B,A,B,B,B,A,A,A,A,A,B,B,B,B,B,B,B,A,A,A,B,B,B,B,-,B,B,B,B,B,B,B,B,-,B,A,B,B,B
TT027,B,B,B,B,B,B,B,B,B,B,A,B,A,A,A,B,B,B,B,A,A,A,A,A,A,A,A,B,A,A,B,B,B,B,B,B,B,A,B,A,A,A,B,B,A,A,A,B,A,A,A,A,-,B,A,A,A,A,A,-,B,B,B,B,B,B,A,A,A,B,B,B,B,B,A,A,A,A,A,A,A,A,A,A,A,A,-,B,B,B,B,A,B,B,B,B,A,A,B,B,B,A,A,A,B,B,B,B,B,B,A,A,A,A,B
TT029,B,B,B,B,B,B,A,A,A,A,A,A,A,A,A,B,B,B,B,B,B,B,B,B,B,A,A,A,A,A,A,A,A,A,A,A,B,A,B,B,A,A,B,B,A,B,B,B,B,B,B,B,B,B,B,B,A,A,A,A,A,A,A,A,A,A,A,A,B,A,A,A,A,A,A,B,B,B,A,A,B,B,A,-,A,A,B,B,B,B,B,A,-,A,B,B,B,B,A,A,A,B,A,A,A,A,A,A,B,B,B,-,B,B,B
TT030,A,A,-,A,A,A,A,A,B,A,A,A,B,B,B,A,A,A,A,A,B,B,B,B,B,A,A,A,A,A,B,B,B,B,B,A,H,A,A,A,A,A,A,A,A,A,B,B,A,A,A,-,A,A,A,A,A,A,A,A,A,A,A,A,-,-,B,-,B,B,B,B,A,A,A,B,B,B,A,B,B,B,B,B,A,A,B,A,A,A,A,A,A,B,A,A,B,B,B,B,-,A,A,A,A,A,A,A,A,-,A,A,B,B,B
TT031,B,B,B,B,A,A,A,A,A,A,H,H,A,A,B,B,A,B,B,B,B,A,B,B,A,B,B,B,B,B,B,B,B,B,B,B,A,B,A,A,A,A,A,A,B,B,A,A,B,B,B,B,-,A,A,A,A,A,A,A,A,A,A,A,A,A,A,A,-,B,B,B,B,A,B,B,A,B,A,A,A,A,A,A,A,A,B,A,A,A,A,A,-,B,A,A,A,A,A,B,A,A,A,A,B,B,B,B,B,-,A,A,A,A,A
TT032,B,A,A,A,A,A,A,A,A,A,B,B,B,B,B,B,A,A,A,A,A,B,A,B,A,B,B,A,B,B,A,A,A,A,A,A,A,B,B,A,A,A,A,A,B,B,B,B,A,A,A,A,-,A,A,A,B,A,B,B,A,A,A,A,A,A,A,B,B,A,A,A,B,B,B,B,B,B,B,B,B,A,A,A,A,A,B,B,B,B,B,B,A,A,A,A,B,A,B,B,B,B,B,B,B,B,A,A,A,A,B,B,B,B,B
TT033,B,A,A,B,B,B,-,A,A,A,B,B,B,B,A,B,B,B,B,B,A,A,A,B,A,B,A,A,A,A,A,A,A,A,B,B,B,B,B,B,B,B,B,B,B,B,B,B,B,B,A,A,B,A,A,A,A,A,B,B,B,A,A,A,A,A,A,A,A,A,B,B,B,B,B,H,A,A,A,A,A,B,B,B,A,A,A,A,A,B,B,B,B,B,A,A,B,A,A,A,A,A,B,B,B,B,A,A,A,A,B,B,B,B,B
TT034,B,A,A,A,A,A,A,B,A,B,B,B,A,A,A,A,A,A,A,A,A,A,A,A,A,B,B,A,A,A,B,H,A,B,A,A,A,B,B,A,A,A,A,A,B,B,A,B,B,B,A,B,A,B,B,B,B,B,B,B,B,B,B,B,-,B,B,B,B,A,A,B,A,A,A,B,B,B,B,B,A,A,A,A,A,A,A,A,A,A,A,A,A,A,B,B,B,A,A,A,H,A,A,B,B,B,B,B,A,A,A,A,H,B,A
TT035,B,A,A,A,A,B,B,A,A,B,A,A,B,B,A,A,A,A,A,B,B,B,B,B,B,A,A,A,A,A,A,A,A,A,B,B,B,A,A,A,A,A,A,A,A,A,A,A,A,B,A,B,B,B,A,B,B,B,A,A,A,B,B,B,B,B,B,B,A,B,B,A,A,A,A,B,B,B,B,B,B,B,A,B,B,B,B,B,B,A,A,A,A,B,A,A,A,B,B,B,B,A,A,A,A,A,A,A,B,A,A,H,-,B,B
TT036,B,B,B,B,A,A,A,A,A,A,A,A,B,B,A,A,A,A,A,B,A,A,B,B,A,A,A,A,B,B,B,B,B,B,B,B,B,B,B,B,B,B,B,B,A,A,A,A,A,B,B,B,B,B,B,B,B,B,B,B,B,A,-,A,A,A,A,A,B,B,B,B,B,B,B,B,B,A,B,B,A,B,B,B,A,A,A,A,A,A,A,A,A,A,B,B,A,A,A,A,B,B,B,A,A,A,A,A,B,B,B,B,B,B,B
TT038,B,B,A,H,H,H,A,A,A,A,A,A,A,A,B,A,B,B,B,B,B,B,B,A,A,A,A,A,A,A,A,H,B,B,A,H,A,A,B,B,A,A,A,A,A,A,B,B,B,B,B,B,B,B,B,B,A,B,B,B,B,B,B,B,B,B,B,B,B,A,A,A,B,B,B,B,B,B,A,B,B,B,B,A,B,B,A,B,B,B,B,A,A,A,B,B,B,B,B,B,A,A,B,B,B,B,B,B,A,A,B,B,B,B,B
TT039,B,B,A,B,B,B,A,A,A,A,A,A,B,B,B,H,B,B,B,B,B,B,B,A,A,B,B,B,B,B,B,A,B,A,A,A,A,B,B,B,B,B,B,B,A,A,A,A,B,B,B,B,B,B,B,B,B,B,B,B,B,B,B,B,B,B,A,A,B,H,A,A,A,A,A,A,A,A,B,B,B,B,B,B,B,B,A,A,A,A,B,B,B,B,B,B,B,B,B,B,B,B,B,B,B,B,B,B,A,A,B,B,B,B,B
TT040,B,B,B,B,B,B,B,B,A,A,A,A,A,A,B,A,A,A,A,B,B,B,B,B,B,A,A,A,A,A,A,A,A,A,B,B,B,A,B,A,A,B,B,B,B,B,A,A,A,A,A,A,A,A,A,A,A,A,A,A,B,B,B,B,B,B,A,A,A,A,A,A,A,A,A,A,A,A,A,A,A,A,B,A,A,A,A,A,A,A,A,A,A,A,B,B,B,B,B,B,A,A,B,A,A,B,A,A,B,B,B,B,B,A,A
TT041,A,A,A,A,A,A,B,A,A,A,B,B,A,A,A,A,A,A,A,A,A,A,A,B,B,A,A,A,A,A,A,A,A,A,B,B,B,B,B,A,A,A,A,B,B,A,B,B,B,A,A,A,A,A,A,A,A,A,B,B,B,A,A,B,B,B,B,B,B,A,A,A,A,A,A,A,B,B,A,A,A,A,A,A,A,A,B,A,A,A,A,B,B,B,B,B,B,B,A,A,A,A,A,B,B,B,B,B,A,A,B,B,A,A,B
TT042,B,B,B,B,B,B,B,A,B,A,A,A,A,A,A,B,B,B,B,A,A,B,B,B,B,B,B,B,A,A,A,B,B,B,B,B,B,B,B,B,B,B,B,A,A,A,A,B,A,B,B,B,B,B,B,B,B,B,A,A,B,B,B,B,B,A,B,A,B,A,A,A,B,B,B,B,B,A,-,H,H,A,A,A,A,A,B,B,B,B,B,B,B,A,A,A,B,B,B,B,B,B,B,B,B,B,B,B,B,B,B,B,B,B,B
TT045,A,A,-,A,A,A,A,A,-,B,B,B,-,A,A,A,B,B,B,B,B,H,B,A,A,B,B,A,A,A,A,B,B,B,B,B,A,A,A,A,A,-,A,A,A,A,A,B,A,A,A,A,A,A,A,A,A,A,B,B,B,B,B,B,A,A,A,A,A,H,B,B,A,B,B,A,A,A,B,B,B,A,A,A,A,A,B,A,A,A,A,A,A,A,A,A,A,B,B,B,B,B,A,A,B,B,B,B,B,B,B,B,B,B,B
TT046,B,B,B,B,B,B,B,A,B,B,A,A,A,A,B,B,A,A,A,B,A,A,A,B,B,B,B,B,A,A,A,A,B,A,A,B,B,B,B,B,B,A,A,A,B,B,B,B,A,A,A,-,A,A,A,A,A,A,A,A,A,A,A,A,A,A,A,A,A,A,A,A,B,B,B,B,B,A,A,A,A,B,B,B,B,B,A,A,A,B,B,A,A,A,A,A,A,B,B,B,B,B,B,A,A,A,A,A,A,B,B,B,B,B,B
TT047,B,B,B,B,B,B,B,A,B,B,B,B,B,B,B,B,B,B,B,B,B,A,B,B,B,A,A,A,A,A,B,B,B,B,A,B,B,B,B,H,H,A,B,B,B,B,B,B,A,A,A,A,A,A,B,A,B,B,B,B,B,B,B,B,B,B,B,A,A,B,B,B,B,B,B,A,B,A,B,B,B,B,B,B,B,B,A,A,A,A,A,A,A,A,A,B,B,A,B,B,B,A,A,A,B,B,B,B,B,A,A,A,B,B,B
TT048,B,B,-,B,B,B,B,A,B,A,B,B,B,B,B,A,A,B,A,A,B,B,A,A,A,A,A,B,B,B,A,A,B,B,B,A,A,A,A,B,B,A,A,A,A,A,A,A,B,B,B,B,B,B,B,B,B,B,B,B,A,A,A,A,A,B,B,A,A,B,B,B,A,A,B,B,B,B,A,A,A,A,A,A,A,A,A,A,A,A,A,A,A,A,A,A,A,A,A,A,A,B,B,B,A,A,A,B,B,B,B,B,A,A,A
TT049,A,A,A,A,-,B,B,B,A,A,A,A,A,A,B,B,B,B,B,A,A,B,A,A,A,A,A,A,A,A,B,B,A,A,A,A,A,A,A,A,A,A,A,A,A,A,A,B,B,B,B,B,-,B,A,A,A,A,A,A,A,A,A,A,B,B,B,B,B,B,B,B,B,B,B,B,B,B,A,A,B,B,B,B,A,A,B,B,B,B,B,A,A,B,A,A,A,A,A,A,A,A,B,B,B,B,A,A,A,A,A,B,B,A,A
TT050,A,A,A,A,A,A,B,A,A,H,A,A,B,B,H,A,A,A,A,B,B,A,A,A,B,A,A,A,B,B,B,B,B,B,B,B,B,A,A,B,B,B,B,B,A,A,A,A,A,A,A,A,A,A,B,B,A,A,A,A,A,A,A,A,A,B,B,B,B,B,B,B,B,A,A,A,B,A,A,A,A,B,B,B,B,B,B,B,B,A,A,A,A,B,B,B,B,B,B,B,B,B,A,A,A,B,H,B,B,B,B,B,B,A,A
TT051,B,B,B,B,B,B,B,A,A,B,A,A,B,B,B,B,A,A,A,B,B,B,B,A,B,A,A,B,B,B,A,A,A,B,B,B,B,A,A,B,A,A,A,A,A,A,A,B,B,B,B,-,B,B,B,B,B,B,A,B,B,B,B,B,B,A,B,A,A,A,A,A,B,B,B,B,B,B,A,B,B,B,B,B,B,B,A,A,A,A,B,B,A,B,A,A,A,B,B,B,B,B,B,A,A,A,A,A,A,A,H,A,A,A,A
TT052,B,B,B,B,B,B,B,A,A,A,A,A,B,B,A,A,B,A,A,A,A,A,A,A,B,B,B,A,A,A,A,A,A,B,B,B,B,A,A,A,A,B,-,B,B,B,B,A,B,B,B,B,B,B,B,B,A,B,B,B,A,A,A,A,A,B,A,A,A,A,A,A,B,B,B,B,A,A,B,B,B,B,B,B,B,B,B,B,B,B,H,H,H,A,B,B,B,B,B,B,H,A,A,A,A,A,A,A,A,A,A,A,A,A,A
TT053,B,A,A,A,A,A,A,A,B,B,A,A,B,B,B,B,B,A,A,A,B,B,A,A,B,B,B,B,B,B,B,B,B,B,B,B,A,A,A,A,A,A,A,H,B,B,B,B,A,A,A,B,B,A,A,A,A,B,A,A,A,A,B,B,B,-,B,B,B,B,B,B,A,A,A,B,B,A,A,A,A,A,A,A,A,A,B,A,A,B,B,B,B,B,A,A,A,A,A,B,A,A,A,B,B,A,B,B,A,A,A,A,A,A,B
TT054,A,A,A,A,B,B,-,B,A,B,B,B,A,A,A,B,A,A,A,B,B,B,B,B,B,B,B,B,B,B,A,A,A,A,A,A,H,A,A,A,A,B,B,B,A,A,B,B,A,A,A,A,A,A,A,A,B,B,A,A,A,A,A,A,A,A,A,A,A,A,A,B,A,A,A,B,B,B,B,B,B,B,B,A,B,A,B,B,B,A,A,B,B,B,A,A,A,B,A,B,B,A,A,A,B,B,B,B,B,B,B,B,A,A,A
TT055,A,A,A,A,A,A,A,A,A,A,A,A,A,A,A,B,A,A,A,A,A,A,A,A,B,A,B,B,A,B,B,B,A,B,A,A,A,B,A,A,A,B,B,B,B,B,B,B,B,B,A,B,B,A,A,A,B,B,B,B,B,A,A,A,A,A,B,B,B,B,B,B,A,A,A,A,B,B,A,A,B,A,A,A,A,A,B,B,B,B,B,B,B,B,B,B,B,B,B,B,A,A,B,B,A,B,B,B,B,A,A,A,A,A,A
TT056,A,A,H,H,B,B,B,A,A,A,B,B,A,B,B,B,A,A,A,B,B,B,B,A,A,A,A,A,A,A,B,B,B,B,B,B,A,B,A,B,B,B,B,A,A,A,A,A,B,B,B,-,B,B,B,B,A,A,B,B,A,A,A,A,A,A,A,A,B,A,A,B,B,B,B,B,B,B,A,A,A,A,A,A,B,B,B,A,A,A,A,A,B,B,B,B,B,B,A,A,A,B,A,A,A,A,A,A,A,B,B,B,B,B,B
TT057,B,B,B,B,B,B,B,B,B,B,B,B,A,A,B,A,A,A,A,B,B,B,B,A,A,B,A,A,A,A,A,A,A,A,A,A,A,A,B,B,B,B,A,A,A,A,A,A,A,A,A,A,A,B,B,B,B,B,A,A,A,A,A,B,B,B,B,A,B,A,A,A,A,A,A,A,H,A,B,B,B,A,A,A,A,A,B,B,B,B,B,A,B,A,B,B,B,B,A,A,A,A,A,A,A,A,A,A,A,B,B,B,B,B,B
TT058,A,A,A,A,A,A,A,B,B,B,B,B,A,B,A,A,A,B,H,B,B,B,B,B,B,B,B,A,A,A,B,B,B,A,A,A,B,B,A,B,B,B,B,A,B,B,B,B,B,B,B,B,B,B,B,B,B,B,B,B,B,A,A,A,A,A,A,A,A,B,B,B,A,A,A,A,A,A,A,A,B,B,B,B,A,A,A,A,A,A,A,A,A,A,A,A,A,A,A,B,B,A,A,A,B,B,A,A,B,B,A,A,B,B,B
TT059,B,B,B,B,B,A,B,B,A,B,B,A,A,A,A,A,B,B,A,A,A,B,B,A,A,B,B,B,B,B,B,B,B,B,B,A,B,A,A,A,A,A,A,A,A,A,B,B,A,A,B,B,B,B,B,B,B,B,A,A,A,A,A,B,B,B,B,B,B,A,A,B,B,B,B,B,B,A,B,B,B,A,B,B,B,A,B,B,B,B,B,H,A,A,A,A,A,A,A,A,A,A,B,B,B,A,A,A,A,A,A,A,A,A,A
TT060,A,A,-,A,A,B,B,A,H,B,B,B,A,A,H,H,B,B,B,B,B,B,B,B,B,A,A,A,A,A,A,B,B,B,A,A,A,A,A,B,B,B,B,B,B,B,A,A,B,B,B,B,B,B,H,A,A,A,A,B,B,B,B,A,A,A,A,B,B,A,A,A,A,B,B,B,A,A,A,A,A,B,-,B,B,B,B,B,B,B,B,A,B,B,A,A,A,B,A,A,A,A,A,A,A,B,B,B,B,-,A,A,A,A,B
TT061,A,A,-,A,A,A,A,A,A,B,B,B,B,B,B,B,B,B,B,B,A,A,B,B,B,B,A,A,A,A,A,B,B,A,A,A,A,A,A,A,A,A,A,A,B,B,B,B,B,A,A,-,-,A,A,A,B,B,B,B,B,A,A,A,-,A,B,B,A,B,B,B,A,A,A,A,B,-,B,B,A,A,A,B,B,B,B,B,B,B,B,A,A,A,B,B,A,A,A,A,-,A,B,B,H,A,A,A,B,B,B,B,A,A,A
TT062,B,B,B,B,B,B,B,A,B,B,B,B,A,B,B,B,B,B,B,B,B,B,B,B,B,B,B,B,B,B,B,B,B,B,A,A,B,B,B,A,A,B,B,B,B,B,B,A,B,B,B,B,B,A,A,A,A,A,B,A,A,B,B,B,B,A,A,A,A,B,A,A,A,B,B,A,A,A,B,B,A,A,A,-,A,A,A,A,A,A,B,A,A,A,A,A,A,B,A,A,B,B,B,B,B,B,B,B,B,B,B,B,A,A,A
TT063,A,A,A,A,A,A,A,A,A,A,A,A,A,A,B,B,B,B,B,B,B,A,-,B,B,A,A,B,B,B,B,B,B,B,A,A,A,A,A,B,B,A,A,B,A,B,B,B,A,A,B,B,B,B,A,A,A,A,B,B,A,B,B,B,-,B,B,B,A,H,B,B,B,B,B,B,B,-,B,H,B,B,A,B,B,B,A,A,A,A,A,A,A,A,B,B,A,A,B,B,B,B,-,A,A,A,B,B,B,-,B,B,B,A,A
TT064,A,A,A,A,A,A,A,B,B,B,B,A,A,A,A,B,B,B,A,B,B,B,B,B,B,B,B,B,B,B,B,B,B,B,B,B,B,A,A,A,A,B,B,B,B,A,A,A,B,A,A,B,-,B,B,B,B,B,B,B,B,A,A,B,B,B,A,A,A,B,B,B,A,A,A,B,B,B,B,B,B,B,B,B,B,B,A,B,B,B,B,B,B,B,B,B,A,A,A,A,A,B,B,A,A,B,B,B,B,B,A,A,A,A,B
TT065,B,B,B,B,B,B,A,A,B,A,H,A,A,A,A,B,B,B,B,B,B,A,A,A,A,A,A,A,A,A,A,A,A,B,B,B,B,A,A,A,A,B,A,A,A,B,B,B,B,B,B,A,-,A,A,A,A,A,B,B,B,B,B,B,B,A,A,A,A,A,A,A,A,A,A,A,B,B,B,B,B,B,B,B,B,B,B,B,B,B,A,A,A,A,B,B,B,B,B,B,B,B,B,B,B,B,B,B,B,B,B,B,B,B,A
TT067,B,B,B,B,B,B,B,B,B,A,A,A,A,A,A,B,B,B,B,B,B,B,B,B,A,A,B,B,B,B,B,B,B,B,A,A,A,B,B,B,B,A,A,A,A,A,A,A,B,B,B,A,A,A,A,A,A,A,A,A,A,B,H,B,-,A,B,B,B,A,A,A,B,B,B,B,B,B,B,B,A,B,B,B,A,A,A,A,A,A,H,B,A,A,A,A,A,A,A,B,B,A,B,B,A,A,A,A,B,A,A,A,A,A,A
TT068,B,B,-,B,B,B,B,A,A,A,A,A,B,B,B,B,B,B,B,B,B,B,B,A,A,A,A,A,B,A,A,A,A,A,B,B,A,A,A,A,A,A,A,A,B,B,B,B,A,A,A,B,A,A,A,A,A,A,B,B,B,B,B,B,B,B,B,B,B,A,A,A,A,A,A,B,B,A,B,B,B,B,B,A,B,B,A,A,A,A,A,A,A,A,A,A,A,A,B,B,B,B,B,A,A,A,A,A,A,A,B,B,B,B,A
TT069,B,A,A,H,H,A,A,B,B,B,B,A,B,B,B,A,B,A,A,A,B,B,B,B,B,B,B,B,B,B,B,B,B,B,B,A,A,B,B,B,B,B,A,A,A,A,A,A,B,A,A,A,A,A,A,A,B,B,A,A,A,A,A,A,A,A,A,A,B,B,B,B,B,B,B,B,B,B,A,A,A,A,A,A,A,A,B,A,A,A,A,B,B,B,B,B,A,A,A,A,A,A,A,A,B,B,B,B,B,A,B,B,B,B,A
TT070,B,H,A,H,A,A,A,A,B,B,B,B,A,B,A,A,A,A,A,B,B,B,B,A,B,B,A,A,A,A,A,A,A,A,B,B,A,-,A,A,A,A,A,A,A,A,A,A,A,A,A,B,A,A,A,A,B,B,A,A,A,B,B,H,A,A,B,B,A,B,B,B,A,B,B,B,A,A,A,A,A,A,A,B,B,B,B,B,B,A,A,A,A,A,B,B,B,B,B,A,B,B,B,B,B,B,A,A,B,B,B,B,B,B,B
TT071,A,A,A,A,A,A,A,B,A,A,B,B,A,A,B,B,B,B,B,B,B,B,B,A,A,B,B,B,A,A,B,A,A,A,A,A,A,B,B,B,B,B,A,A,A,A,A,A,B,B,B,B,B,B,B,B,B,B,B,B,B,A,A,A,-,A,B,B,B,B,B,B,A,A,A,A,A,A,B,B,B,B,A,B,B,B,B,B,B,B,B,B,A,A,B,B,B,B,B,A,A,A,A,A,A,B,A,A,A,B,B,B,B,B,B
TT072,B,B,B,B,B,B,B,A,A,B,B,B,A,A,A,A,A,A,A,A,A,A,A,A,A,B,A,A,B,B,B,B,B,B,A,A,A,A,A,A,A,A,A,A,A,A,A,H,A,A,A,B,A,A,B,B,B,B,B,A,A,A,A,A,A,A,A,A,A,A,A,A,B,B,B,H,B,B,B,B,B,A,A,A,A,A,A,A,A,A,B,B,B,B,B,B,B,B,B,B,B,A,A,A,B,A,A,A,A,B,B,B,B,B,B
TT073,B,B,-,B,B,B,B,B,A,A,A,A,A,A,B,B,B,B,B,B,A,B,B,B,B,B,A,B,A,A,A,A,A,A,A,B,B,A,A,B,A,A,A,A,A,A,A,B,A,B,A,-,B,B,B,B,B,B,B,B,B,B,B,B,-,B,B,B,B,A,A,A,A,A,A,A,A,A,B,B,B,A,A,A,A,A,A,B,A,B,B,B,B,B,A,A,-,B,B,B,B,B,B,B,B,A,B,B,B,A,B,B,B,H,B
TT074,B,B,B,B,B,B,B,A,A,A,B,B,B,B,B,A,B,A,A,A,B,B,B,B,B,A,A,B,B,B,B,B,B,B,A,A,A,B,B,A,A,A,A,A,A,A,A,A,B,B,B,B,B,A,A,A,B,B,B,A,A,A,H,B,B,B,A,A,A,B,B,B,B,B,A,A,A,A,A,A,A,A,B,B,B,B,B,B,A,A,A,B,B,B,B,B,-,A,A,A,A,A,A,A,B,B,B,B,B,A,A,B,B,B,B
TT075,A,A,-,B,A,B,B,A,A,A,A,B,B,A,A,B,B,A,A,A,A,A,A,B,B,A,A,B,B,B,B,B,B,B,B,B,B,B,B,B,B,A,A,A,A,A,A,A,A,A,A,B,B,B,B,B,A,A,B,B,B,B,B,B,B,A,A,A,A,B,B,B,B,B,B,B,A,A,A,A,A,A,A,B,A,A,A,A,A,B,B,B,B,B,A,A,A,B,B,A,A,A,A,A,A,B,B,B,A,A,A,A,B,B,A
TT076,A,B,-,B,B,B,B,B,B,B,B,A,A,A,A,B,B,B,B,B,-,B,B,B,B,A,A,B,B,B,B,B,B,A,B,B,B,B,B,A,A,A,A,A,A,A,B,B,A,A,A,-,A,B,B,B,B,B,B,B,B,B,B,B,B,A,A,B,-,A,A,A,B,B,B,B,B,B,A,A,A,A,A,A,B,B,A,A,A,B,B,B,B,B,B,B,B,A,B,A,B,A,A,A,A,A,A,B,B,B,B,B,B,B,A
TT077,A,B,-,B,B,B,B,B,B,H,A,B,B,B,B,B,B,B,B,A,-,A,A,A,B,B,B,A,B,H,B,B,B,A,A,B,B,B,B,B,A,A,A,A,B,B,B,B,B,B,B,B,B,B,B,B,B,B,A,H,H,A,A,A,A,B,B,B,B,A,A,A,A,A,A,A,A,A,B,A,A,A,A,A,B,B,B,B,B,B,A,A,A,A,B,B,B,B,B,A,A,B,B,B,B,B,B,B,B,B,B,B,A,A,A
TT078,B,B,B,B,B,B,B,B,A,A,A,A,A,A,A,A,A,B,B,B,B,B,A,B,B,B,B,B,A,A,A,A,A,B,B,B,A,A,A,A,A,A,B,B,B,B,B,B,A,A,B,B,-,B,B,B,A,A,B,B,B,A,A,A,A,A,A,A,A,B,B,B,A,A,A,A,A,A,B,B,B,B,B,B,B,B,A,A,A,A,A,B,B,B,A,A,A,A,B,A,A,B,B,B,A,A,A,A,B,B,B,B,A,A,A
TT079,A,B,B,B,A,A,A,A,B,H,A,A,B,B,B,B,B,B,B,B,-,B,B,B,-,B,B,B,B,B,H,H,B,B,B,B,B,B,B,B,B,B,B,B,A,A,A,A,B,B,B,-,B,B,B,B,B,B,B,B,B,A,A,A,H,B,B,B,-,A,A,A,B,B,A,B,B,-,A,A,A,B,B,B,B,B,A,A,A,A,A,B,B,B,B,B,B,B,B,B,B,B,A,B,B,B,B,B,A,B,B,B,A,A,A
TT080,B,B,-,B,B,A,A,A,A,A,A,A,A,A,A,A,A,A,B,B,B,B,B,B,B,A,A,A,A,A,B,B,B,B,A,A,B,A,A,A,A,B,B,B,B,A,A,A,B,B,A,B,B,A,A,A,B,B,B,B,B,B,B,B,-,B,B,A,A,A,A,A,A,A,B,B,B,B,B,B,B,B,B,B,B,B,A,A,B,B,B,B,A,A,B,H,B,A,A,A,B,B,B,A,A,A,A,A,B,B,B,B,B,B,B
TT081,A,H,B,H,A,A,B,B,B,B,B,B,A,A,A,A,B,B,B,A,A,A,A,A,A,H,A,B,B,A,A,A,A,A,A,A,A,B,B,H,H,B,B,B,B,B,B,B,B,B,B,-,B,B,B,B,B,B,A,B,B,B,B,B,B,A,A,B,B,B,B,B,B,A,A,A,A,A,B,B,B,B,B,B,B,B,B,B,A,A,A,A,A,A,A,A,A,A,A,A,A,A,B,B,A,A,A,A,A,A,A,B,A,A,B
TT082,B,B,-,B,B,B,B,A,B,B,A,A,B,B,B,B,A,A,B,B,B,B,B,B,B,H,A,A,B,B,B,B,B,B,B,B,B,A,A,A,A,A,A,A,A,A,A,A,B,B,B,B,B,B,B,B,B,B,B,B,A,A,A,A,-,B,B,B,B,B,B,B,B,B,B,B,B,B,B,B,B,B,A,A,A,A,A,A,A,A,A,A,A,A,B,B,B,B,B,B,A,A,A,A,B,B,B,B,B,B,B,A,A,A,A
TT083,B,B,B,B,B,B,B,B,B,A,A,A,B,A,A,A,A,B,A,A,A,A,A,A,B,B,B,B,B,A,A,B,B,A,A,B,B,B,B,B,B,B,B,B,B,B,B,B,B,B,B,A,-,A,A,A,A,A,A,A,A,A,A,A,A,A,A,A,A,B,B,B,A,A,A,A,A,A,A,A,A,A,A,A,A,B,A,A,A,B,B,A,A,A,A,A,B,B,B,A,A,A,A,A,A,A,A,A,B,B,B,B,B,B,B
TT084,A,A,A,A,A,A,A,B,B,B,A,A,A,A,A,A,A,A,A,A,A,A,A,A,A,A,H,A,H,H,B,B,A,B,B,B,B,A,A,A,B,B,B,B,B,B,B,B,A,A,A,B,A,A,B,B,A,A,A,B,B,A,A,B,B,B,A,A,A,B,B,A,A,A,B,B,A,B,B,B,B,B,B,A,A,A,A,A,A,A,B,B,B,B,A,A,A,A,A,B,B,A,B,B,B,B,B,B,B,A,A,A,A,A,B
TT086,B,B,B,B,B,B,B,A,A,A,A,A,B,B,B,B,B,B,B,B,B,B,B,A,A,A,H,H,A,A,H,H,B,B,A,A,A,A,A,A,A,A,A,A,A,A,B,A,A,A,A,B,A,B,B,B,B,B,B,B,B,B,B,B,-,A,A,A,A,B,B,B,B,B,B,B,A,A,B,B,B,A,A,A,A,B,A,A,A,B,B,A,A,A,A,A,A,A,B,B,B,A,B,B,B,B,B,B,B,B,A,A,A,B,B
TT087,B,B,B,B,B,B,B,A,A,A,B,B,B,B,B,B,B,A,A,B,B,B,B,B,B,B,B,B,A,B,B,B,B,B,B,B,B,B,B,B,A,A,A,A,A,A,A,A,A,A,A,B,B,B,B,B,B,B,A,A,A,A,-,B,B,B,B,B,B,A,A,A,B,A,A,A,A,A,A,B,B,B,B,B,B,B,A,A,A,A,A,A,-,B,A,A,B,B,A,A,A,B,B,B,B,B,B,B,A,B,B,B,A,A,A
TT088,A,A,A,B,B,B,B,A,A,B,B,B,B,B,B,B,B,B,B,B,A,A,A,A,A,B,B,B,B,B,B,A,A,A,B,B,B,B,B,B,B,B,B,B,A,B,B,B,A,A,B,B,B,A,A,A,A,A,B,B,B,B,B,B,B,B,B,B,A,B,A,A,A,A,A,A,A,A,B,B,A,B,B,B,B,B,B,B,B,B,B,B,B,B,A,A,A,A,A,B,B,B,B,B,B,B,A,A,A,A,A,A,B,B,B
TT089,A,A,A,A,B,B,A,B,A,A,A,A,A,A,A,B,B,B,B,B,B,A,A,A,B,B,B,B,B,A,A,A,A,A,A,A,A,A,B,B,B,B,A,A,B,B,A,B,B,B,B,B,A,A,A,A,B,B,B,B,A,A,A,A,A,A,A,A,A,A,A,A,A,A,A,A,A,A,A,B,B,B,B,A,A,A,B,B,B,A,A,A,B,B,B,A,A,A,B,B,B,B,B,B,B,A,A,A,B,B,B,B,A,A,A
TT090,B,B,-,B,B,B,B,A,A,B,A,B,B,B,B,A,B,A,A,A,-,A,B,B,B,B,B,B,B,B,B,B,A,A,A,H,H,A,A,B,B,B,B,B,B,B,A,B,A,A,A,B,B,B,B,B,A,A,A,B,B,B,B,B,B,B,B,A,B,H,-,B,A,B,A,A,A,A,A,A,A,A,B,A,A,A,A,A,B,B,B,B,B,B,A,A,A,B,B,B,B,B,B,B,B,B,B,B,A,A,A,A,A,B,B
TT092,A,A,A,A,A,B,B,B,B,A,A,A,B,B,B,B,B,-,B,B,B,B,A,B,B,B,B,A,A,B,B,B,B,A,A,A,A,B,B,A,B,B,A,A,A,B,A,B,A,A,B,B,B,B,B,B,A,A,A,A,A,A,A,A,A,A,B,-,-,A,B,A,A,B,B,B,B,-,B,B,B,A,-,A,A,A,B,A,A,A,B,B,B,B,A,A,B,B,B,A,B,A,A,B,A,A,A,A,A,A,B,B,B,B,B
TT093,B,B,B,B,B,B,B,A,B,B,A,A,A,A,A,A,B,B,B,B,A,A,A,A,A,A,A,A,H,A,A,A,A,A,A,A,H,A,B,B,B,B,B,B,B,B,B,A,B,B,B,-,-,B,A,A,A,A,B,B,B,B,B,B,B,B,B,B,A,A,A,B,B,B,A,B,A,-,A,A,A,A,A,A,A,A,B,A,A,A,A,A,B,B,B,-,A,A,A,B,B,A,B,B,B,B,B,B,B,B,B,B,A,A,B
TT094,B,-,B,B,B,A,A,A,A,A,A,A,A,B,B,B,B,B,B,H,A,A,A,B,B,B,B,B,A,A,B,B,B,-,A,A,A,A,A,A,-,A,A,A,A,A,A,B,A,-,B,A,-,B,B,B,B,B,B,B,B,A,A,A,-,B,B,B,B,A,A,A,A,A,A,B,B,-,A,A,A,B,B,-,B,B,A,A,A,B,B,A,A,A,B,B,B,B,B,B,B,A,-,B,B,B,B,B,A,-,A,A,A,A,A
TT095,A,A,A,A,A,A,A,A,A,B,B,A,A,A,A,A,A,B,B,B,B,B,B,B,B,A,A,A,A,A,A,B,B,B,B,B,B,B,B,B,B,B,A,A,B,B,B,B,B,B,B,B,B,A,A,A,A,A,B,B,B,B,B,A,-,A,B,B,B,A,A,A,A,B,A,A,A,-,A,A,B,B,B,B,B,B,A,A,A,A,A,A,A,A,B,B,B,A,A,A,A,B,B,B,B,B,B,B,B,B,A,A,B,B,B
TT096,A,-,-,B,B,B,B,B,B,B,B,A,A,B,B,B,B,-,B,B,B,B,B,B,B,B,B,B,B,B,B,B,B,B,B,B,B,A,A,A,A,A,A,A,A,A,B,B,A,A,B,A,B,B,A,B,B,B,B,B,A,A,A,B,-,A,B,B,A,A,B,B,B,B,A,A,A,A,B,B,B,B,B,B,B,B,B,A,A,A,A,B,B,B,B,H,A,A,A,A,A,B,A,A,A,A,A,A,B,B,B,B,B,B,A
TT097,A,B,-,B,A,A,A,B,B,B,B,B,A,A,H,B,B,B,B,B,A,B,B,B,B,B,B,A,A,A,A,A,A,B,A,A,A,A,A,A,A,A,A,A,B,B,B,A,B,B,A,A,A,A,A,A,A,A,A,A,A,B,B,B,-,B,B,B,A,A,A,A,A,B,B,B,B,B,B,B,B,B,B,B,B,B,B,B,A,A,B,B,B,B,A,A,-,B,B,A,A,A,A,A,B,B,B,B,A,A,A,A,B,B,A
TT098,B,B,B,B,B,B,B,A,A,A,A,A,A,A,A,A,B,B,A,A,B,B,B,B,B,B,B,H,H,B,B,B,B,B,B,B,B,A,A,B,B,B,B,A,A,A,A,A,B,B,B,A,-,B,B,B,A,A,B,B,B,B,B,B,-,B,B,A,A,B,B,A,A,A,B,B,B,A,A,B,B,A,A,A,B,B,A,A,A,A,A,A,A,A,A,A,B,B,A,A,A,B,B,B,B,A,A,A,B,B,B,B,B,B,A
TT099,A,A,A,A,A,A,A,B,B,B,B,B,B,B,B,B,B,B,B,B,B,B,A,A,A,A,A,A,A,B,B,B,B,B,B,B,A,B,B,B,B,B,A,A,B,A,A,A,B,A,A,A,A,A,A,B,A,A,A,A,B,A,A,A,-,A,A,A,B,B,B,A,B,A,A,A,B,B,A,A,A,B,B,B,B,B,B,B,B,B,A,A,B,B,A,A,A,A,A,A,A,B,B,B,B,B,B,B,B,B,A,A,B,B,B
TT100,B,B,B,A,A,A,A,A,A,A,B,B,B,B,A,A,A,A,A,A,A,A,A,A,A,H,A,A,A,A,A,A,A,A,B,A,A,B,B,B,B,B,B,B,B,B,B,B,A,A,A,A,-,A,A,A,A,A,A,A,A,B,B,B,-,A,A,A,A,A,A,B,A,A,A,B,B,A,A,A,A,A,A,A,A,A,B,B,B,B,A,A,A,A,A,B,B,B,B,B,A,A,A,A,A,A,A,A,A,B,B,B,B,A,A
TT101,A,A,A,A,A,A,A,A,A,A,A,A,A,A,A,A,A,A,A,A,A,A,A,A,B,A,A,A,A,A,A,A,B,A,A,B,B,B,A,B,B,B,B,A,B,B,B,H,A,A,A,A,A,A,A,A,B,B,A,A,A,A,A,A,-,A,A,A,A,A,A,A,A,A,A,B,B,A,B,A,A,A,A,A,A,A,B,B,B,A,A,A,A,A,B,B,B,A,A,B,B,A,A,A,A,A,B,B,B,B,A,A,B,B,B
TT103,A,A,A,A,A,A,A,B,B,A,A,A,A,A,A,A,A,A,A,A,A,A,A,A,B,A,B,B,A,A,A,H,A,B,A,A,A,A,A,A,A,A,A,-,A,A,A,A,A,A,A,A,A,A,A,A,B,B,A,B,B,B,B,B,B,B,B,B,B,A,A,A,A,B,B,B,B,B,B,B,B,B,A,A,B,A,B,B,B,B,B,B,B,A,B,B,B,B,B,B,A,A,B,B,B,B,A,A,B,B,B,B,B,A,A
TT104,A,A,A,A,A,A,B,B,B,B,B,B,A,A,B,H,B,B,A,A,A,A,B,B,B,A,A,B,B,B,B,B,B,B,B,A,A,B,B,A,A,A,A,A,A,A,A,B,A,A,A,A,A,A,A,B,B,B,H,B,B,A,A,B,H,A,A,A,B,B,A,A,B,B,B,B,B,B,B,B,B,B,A,B,B,B,A,B,B,B,B,A,A,A,A,A,B,B,B,B,B,B,B,B,B,B,A,A,B,B,B,B,B,B,B
TT105,B,B,B,B,B,B,B,B,A,A,A,A,B,B,B,B,B,B,A,A,A,A,A,A,A,B,H,H,B,B,B,B,B,-,A,B,B,A,A,H,H,A,A,A,A,A,B,B,A,A,A,A,A,B,B,B,B,B,B,B,B,A,A,A,A,A,A,A,A,B,B,B,B,B,B,A,A,B,B,A,A,A,A,A,A,A,A,A,B,B,B,B,B,B,A,A,A,A,A,A,A,A,A,A,A,A,B,B,A,A,A,A,B,B,B
TT106,A,A,A,A,A,A,A,A,B,B,A,A,B,B,B,H,B,B,B,A,B,B,B,A,A,B,A,A,A,A,B,A,A,A,A,A,A,B,B,B,B,B,B,B,B,B,B,A,A,A,A,A,A,A,A,A,B,A,A,A,A,A,A,A,B,A,A,A,A,A,A,A,A,A,A,A,A,A,B,B,B,B,B,B,B,B,B,B,B,B,B,B,B,B,A,A,B,A,A,A,A,A,B,B,B,B,A,A,A,-,B,B,A,A,A
TT107,B,B,B,B,B,B,B,A,A,A,B,B,B,B,A,A,A,A,H,A,A,A,B,A,A,A,B,B,B,B,B,B,B,A,A,A,B,B,B,B,B,B,B,B,B,B,B,B,B,B,A,B,A,A,A,A,A,A,B,B,B,A,A,A,A,A,A,A,A,A,A,A,B,A,A,A,A,B,B,B,B,B,-,B,B,B,B,B,B,B,B,B,B,A,B,B,B,H,B,B,B,B,B,B,B,B,B,B,A,B,B,B,A,A,A
TT108,A,A,-,A,A,A,A,A,B,B,B,H,B,B,A,A,A,A,A,A,A,B,B,H,B,B,A,A,A,B,B,B,B,B,B,B,B,A,A,A,A,A,A,A,A,A,B,B,A,A,A,-,A,B,B,B,B,B,B,B,A,A,A,A,A,A,A,A,A,B,H,B,B,A,A,A,A,B,A,B,A,B,-,B,B,B,A,B,B,B,B,B,B,A,A,A,B,B,B,B,A,A,A,A,A,A,B,B,A,B,B,B,A,A,A
TT109,B,B,B,B,B,A,A,A,A,A,A,A,A,A,A,B,B,B,B,B,A,B,B,B,B,A,A,A,B,B,B,B,B,B,B,A,A,B,B,A,A,A,A,A,A,A,A,A,A,A,A,-,B,A,A,A,A,H,B,B,A,A,A,A,A,A,A,B,B,A,A,A,B,B,A,A,A,A,A,A,B,A,-,A,B,B,A,A,A,A,A,A,A,A,A,B,B,B,B,B,B,B,B,B,B,B,A,A,B,B,B,B,B,B,A
TT110,A,A,-,A,A,A,A,B,B,B,B,B,B,B,B,B,B,-,B,B,B,B,A,A,A,A,A,B,B,B,A,A,B,A,A,B,B,-,A,B,B,B,B,B,B,B,B,B,B,B,B,-,B,B,B,B,B,B,A,A,-,B,B,B,-,A,A,A,A,B,B,B,A,A,A,B,B,B,B,B,B,A,A,A,A,A,A,A,A,A,A,A,A,A,B,-,B,B,A,A,-,A,A,A,A,A,A,A,B,B,B,B,B,-,B
TT111,A,B,B,B,B,B,B,B,A,A,A,A,A,A,A,-,A,B,B,A,A,A,A,B,-,B,B,B,B,B,B,B,B,B,A,A,A,-,B,B,B,A,A,A,-,B,B,B,A,A,A,A,A,B,B,B,A,A,B,B,B,B,B,B,-,B,A,A,B,B,B,B,B,B,B,B,A,B,B,B,B,B,B,B,B,B,A,A,B,B,B,A,A,B,B,-,-,A,A,B,-,B,A,A,A,A,B,B,B,-,B,B,A,A,A
TT112,A,B,B,B,B,B,B,A,A,A,A,A,A,A,A,A,A,A,B,B,H,A,A,A,A,A,H,A,A,B,B,B,A,B,A,A,A,-,A,A,A,B,B,B,B,B,A,A,A,A,A,-,A,A,A,A,B,B,B,-,B,A,A,A,A,B,B,B,A,A,A,A,A,A,A,A,A,B,B,B,A,B,B,B,A,A,B,A,A,A,A,A,A,A,A,A,A,A,A,A,A,A,A,A,A,A,A,A,B,B,B,B,B,B,A
TT113,A,B,-,B,B,B,B,B,A,A,A,A,A,A,B,A,B,A,A,A,B,A,B,A,B,A,A,A,A,A,H,A,A,A,B,B,A,B,B,B,B,B,A,A,A,A,-,A,B,B,H,-,-,A,A,A,B,B,A,A,A,A,A,A,A,A,A,A,A,A,A,A,B,B,A,B,B,B,B,B,B,B,A,B,H,H,B,B,B,B,B,A,A,B,B,B,B,B,B,B,B,A,A,A,A,A,A,A,A,A,A,A,A,A,A
TT114,A,B,B,B,B,B,B,A,A,A,B,B,B,B,B,B,B,B,B,B,B,B,B,A,B,B,B,B,B,B,B,A,A,A,B,B,A,A,A,B,B,A,A,A,A,A,A,H,A,A,A,B,-,A,A,A,B,B,B,B,B,B,B,A,A,A,A,A,A,B,A,B,A,A,A,A,A,A,B,A,B,B,A,B,B,B,B,B,B,A,A,B,B,B,A,A,A,A,A,A,A,A,A,A,A,A,A,A,A,A,B,B,A,A,A
TT115,B,B,-,B,B,B,B,A,B,A,A,A,A,A,A,H,B,B,B,B,-,B,B,B,B,A,A,A,A,A,A,A,A,A,A,A,A,B,B,B,B,B,A,A,A,A,A,A,A,A,A,-,-,B,A,A,A,A,B,B,B,B,A,A,A,A,B,A,A,B,B,B,A,B,A,A,A,B,A,A,A,B,B,B,B,B,B,B,B,A,A,A,A,B,B,B,B,B,B,B,B,A,A,A,B,B,B,B,A,B,A,A,A,B,B
TT116,A,A,-,A,A,B,B,B,A,A,A,A,A,A,A,A,B,B,B,B,B,B,A,A,A,A,A,A,A,A,A,B,B,-,B,B,A,-,B,B,B,A,A,A,A,A,A,A,B,A,A,B,A,A,A,A,A,A,B,B,A,A,A,B,B,A,A,A,A,A,A,A,A,A,A,A,B,B,B,B,B,B,B,B,B,B,B,B,B,B,B,B,B,B,A,A,A,B,B,B,B,B,B,B,B,B,A,A,B,A,B,B,A,B,A
TT117,A,A,A,A,B,B,B,B,B,B,B,A,A,A,B,A,A,A,A,A,A,A,A,A,A,B,B,B,A,A,A,B,B,A,B,B,B,A,A,A,A,A,B,A,H,H,B,B,H,A,B,A,B,B,A,A,B,B,A,A,A,A,A,A,A,A,B,B,B,A,A,A,A,A,A,A,A,B,B,A,B,B,B,B,B,A,A,A,A,B,B,B,B,B,A,A,A,A,A,A,B,B,B,B,B,B,B,B,B,B,B,B,B,B,B
TT118,B,B,A,B,B,A,A,A,A,A,B,B,B,B,B,B,A,B,B,B,B,A,A,A,A,A,A,A,A,A,H,A,A,A,B,B,B,B,B,A,H,H,A,B,B,B,B,A,A,A,A,B,A,B,B,B,B,B,B,B,B,B,B,H,-,H,B,H,A,A,A,A,B,B,B,A,A,A,A,A,A,A,B,A,B,B,A,A,A,A,A,A,A,A,A,A,A,A,B,B,B,H,B,A,B,B,A,A,B,B,A,A,B,B,B
TT119,B,A,A,B,B,B,B,A,A,A,B,A,A,A,B,B,B,B,B,B,B,B,B,A,B,H,A,A,A,B,B,B,A,A,B,B,B,B,B,B,B,A,A,A,B,B,B,B,A,A,B,-,B,A,A,A,A,B,A,A,A,A,A,A,B,B,A,A,A,B,B,B,B,H,H,A,B,A,A,A,A,A,B,A,A,A,A,A,A,A,A,B,B,B,B,-,B,B,B,B,B,A,A,A,A,A,A,A,A,B,B,B,B,B,B
TT120,B,B,B,B,B,B,B,A,B,B,B,B,B,B,B,B,B,B,A,A,A,A,A,A,A,B,B,B,B,B,B,A,A,B,B,B,B,A,A,A,A,A,A,A,A,A,A,B,A,A,A,B,A,A,A,A,B,B,A,A,A,A,A,B,B,H,A,A,A,B,A,B,B,B,B,A,A,A,B,B,B,B,B,B,B,B,B,B,B,B,B,A,A,A,A,A,A,A,A,A,A,A,A,B,B,B,A,A,A,A,A,A,A,A,A
TT121,A,A,A,A,A,A,A,A,B,H,B,B,B,B,B,B,B,A,A,B,B,B,A,B,B,A,B,A,A,A,B,B,B,B,B,B,A,B,B,B,B,B,B,B,A,A,A,A,B,A,A,A,B,B,B,A,A,A,A,A,A,A,-,B,B,A,A,A,A,B,B,B,B,A,A,B,B,B,A,A,A,A,A,A,A,A,B,B,B,B,B,B,A,A,B,B,B,B,A,A,A,B,A,B,B,A,A,A,A,B,A,A,A,A,B
TT123,B,B,B,B,B,B,B,A,A,A,A,A,A,A,A,B,B,B,B,A,A,H,A,A,A,B,B,B,B,B,B,B,B,B,B,B,B,H,B,B,B,B,B,-,A,A,A,A,A,A,A,A,A,A,A,A,H,H,A,A,A,A,A,B,B,B,A,A,A,A,A,A,A,B,A,A,A,A,B,B,B,A,A,B,A,A,A,A,A,A,A,A,A,A,B,B,B,B,A,A,A,A,A,A,A,A,A,A,A,A,A,A,A,B,B
TT124,B,B,-,B,A,A,B,A,A,B,B,B,A,A,A,A,A,A,A,A,A,B,B,B,B,A,A,B,B,A,A,B,B,A,A,B,B,B,B,A,A,A,A,A,A,A,A,A,B,B,B,-,B,B,B,B,B,B,A,A,A,A,A,A,-,A,B,B,B,A,B,B,B,B,B,B,B,A,B,B,A,B,-,B,B,B,A,A,A,A,A,B,A,A,A,A,A,A,A,A,B,B,B,B,B,B,A,A,B,B,B,B,A,A,B
TT125,B,B,B,B,A,A,A,B,B,B,A,A,B,B,B,H,B,A,A,A,A,A,A,B,A,B,B,B,B,B,B,A,A,B,B,B,B,B,B,A,A,B,B,B,H,A,A,A,A,A,A,-,A,A,A,A,A,A,B,B,B,B,B,A,A,A,B,B,-,A,A,A,A,B,B,B,B,-,B,B,B,B,-,A,B,B,B,A,A,A,B,A,A,A,B,B,B,B,A,A,A,A,A,A,B,B,A,A,A,A,B,B,A,A,A
TT126,A,A,A,A,B,B,B,B,B,B,B,B,A,A,A,A,A,A,B,B,A,A,A,A,A,B,B,A,A,A,B,B,B,A,A,B,B,-,B,B,B,B,A,A,A,B,A,A,B,A,A,A,B,B,B,B,B,H,A,B,B,B,B,B,B,A,A,A,A,B,B,B,A,A,B,B,B,-,B,B,B,B,-,B,B,B,A,A,A,A,A,B,B,B,B,B,A,A,A,A,A,B,-,B,B,B,B,B,B,B,A,A,A,A,B
TT127,A,A,-,A,A,A,B,B,B,B,B,B,A,A,A,B,B,-,A,A,A,A,B,B,B,A,A,A,A,A,A,B,B,B,A,A,A,-,A,B,A,B,A,A,A,A,B,B,A,A,A,-,H,A,A,A,B,B,A,A,A,A,A,A,-,B,A,-,B,B,B,B,A,A,A,A,A,-,B,B,B,B,-,B,B,B,B,A,A,A,A,B,A,A,A,-,A,B,B,B,B,A,A,A,A,A,A,A,B,B,B,B,A,A,A
TT128,A,B,-,B,B,B,B,B,B,B,A,A,B,B,B,B,B,-,B,B,B,B,A,A,A,B,B,B,A,A,A,A,B,B,B,B,A,-,A,A,A,B,B,B,B,B,A,A,B,B,B,-,B,B,A,A,A,A,A,A,A,A,A,A,-,A,A,A,-,B,B,B,B,B,B,B,B,H,B,A,A,B,B,B,B,B,A,A,A,A,A,A,-,A,A,-,-,B,A,A,B,B,B,B,B,B,B,B,A,A,A,B,B,B,B
TT129,A,-,A,B,B,B,B,B,B,B,A,A,A,A,A,A,A,-,A,A,A,A,A,A,A,A,A,A,A,A,A,A,A,A,B,B,B,B,B,B,B,A,A,A,A,B,B,B,A,A,A,B,A,A,A,A,B,B,B,B,B,A,A,B,B,B,B,B,B,A,A,A,A,A,A,A,B,-,-,B,B,A,A,A,A,A,B,B,B,A,A,B,B,B,B,B,B,B,A,A,A,B,B,B,B,A,A,A,B,A,B,B,B,B,B
TT130,A,A,-,A,A,A,A,A,A,A,B,B,A,A,A,A,A,-,B,B,B,B,B,B,B,H,B,B,B,B,B,H,A,A,A,B,B,B,B,B,B,A,A,A,B,B,B,B,A,A,A,B,B,B,B,B,A,A,B,B,A,A,B,B,-,A,A,-,A,A,-,A,A,A,A,A,A,-,B,B,A,A,B,A,A,A,B,B,B,A,A,A,A,A,B,-,B,B,A,-,-,B,B,A,A,A,B,B,A,-,A,A,B,-,A
TT132,B,B,-,B,A,A,A,B,B,B,B,B,B,B,B,A,B,B,A,A,-,A,A,A,A,A,A,A,A,A,A,B,B,B,A,B,B,A,A,A,A,A,H,B,A,A,B,B,B,B,B,B,A,A,H,B,B,B,B,B,B,B,B,A,-,A,A,A,-,B,B,B,B,B,B,B,B,-,A,B,B,B,B,A,-,B,B,B,B,B,B,B,B,B,A,-,-,A,B,B,A,A,A,A,A,A,B,B,A,A,A,A,A,A,A
TT133,A,A,A,B,B,B,B,B,A,A,A,A,B,B,B,B,B,B,B,B,B,A,A,B,B,B,A,A,A,A,B,B,B,A,A,A,A,-,B,B,B,B,B,B,B,B,B,B,B,B,B,B,A,A,A,A,B,B,A,A,A,A,A,-,A,A,A,A,A,A,A,A,A,B,B,A,A,A,A,A,A,A,A,A,A,A,A,A,B,B,B,B,-,B,B,B,B,B,B,B,B,B,B,B,B,B,A,A,B,B,B,B,B,A,A
TT134,B,B,B,B,B,A,A,B,B,B,A,A,B,B,B,B,B,B,B,B,B,B,B,B,B,A,A,A,A,A,A,B,B,B,B,H,A,A,A,A,B,A,A,A,A,A,A,A,B,B,B,B,B,B,B,B,B,B,A,A,A,A,A,-,-,A,B,H,-,B,B,B,A,A,A,A,A,A,A,A,B,B,B,B,B,B,A,A,A,A,A,A,-,-,A,A,A,A,A,A,A,A,A,A,B,B,B,B,B,A,A,A,B,B,A
TT135,A,A,A,B,B,A,B,A,A,A,B,B,B,B,B,A,A,A,A,A,A,A,A,A,A,A,B,B,B,B,B,A,A,A,B,B,B,A,A,A,A,B,B,B,B,B,B,B,A,B,B,A,A,A,A,A,B,B,B,B,B,B,B,-,B,B,A,B,B,A,A,A,A,A,B,B,B,A,B,B,A,B,B,B,B,B,B,H,A,A,A,A,A,B,B,B,A,A,B,B,B,A,A,A,A,B,B,B,A,A,A,A,A,A,A
TT136,A,A,A,A,A,A,A,B,B,B,B,B,A,A,B,A,B,A,A,A,A,B,A,B,B,B,B,B,B,B,B,B,B,B,B,B,A,A,A,B,B,B,B,B,B,B,B,A,A,A,B,A,B,B,B,B,A,A,B,B,B,B,B,-,B,B,A,A,A,B,B,A,A,A,A,B,B,B,A,B,B,B,B,B,B,B,B,B,B,B,B,B,B,B,B,B,B,B,A,A,A,B,B,B,B,B,B,B,B,B,B,A,A,A,A
TT137,B,B,B,B,B,B,B,A,A,A,B,B,B,B,B,A,B,A,A,A,B,A,B,B,B,A,A,B,B,B,B,B,B,B,B,A,A,B,B,A,A,A,A,A,A,A,A,A,B,B,B,B,B,A,A,A,A,A,B,A,A,A,A,-,B,H,A,A,A,B,B,B,B,B,B,A,A,A,A,A,A,A,B,B,B,B,B,B,B,A,A,B,-,B,B,B,B,A,A,A,A,A,A,A,B,B,B,B,B,B,A,B,B,B,B
TT138,B,B,B,A,A,A,-,A,A,A,B,A,A,B,B,A,A,A,B,A,A,A,A,A,A,A,A,A,A,A,B,B,B,B,B,B,A,A,A,A,A,B,B,B,B,B,B,B,B,B,A,A,A,A,A,A,A,A,A,A,A,B,B,-,-,B,A,A,A,A,B,A,B,B,B,B,B,A,A,A,A,A,A,A,H,H,B,B,B,B,B,B,A,A,B,B,B,A,A,A,A,A,A,A,A,H,A,A,A,A,A,A,A,A,B
TT139,A,A,A,A,A,A,-,A,H,B,B,B,A,A,H,H,H,B,H,A,A,A,B,B,A,A,A,A,H,H,B,B,B,B,B,B,B,A,B,H,A,A,H,H,A,A,A,A,A,A,H,A,A,A,B,B,B,B,H,H,H,A,A,-,H,B,H,H,B,B,B,A,H,B,B,H,B,A,A,A,A,A,A,A,A,A,H,B,B,B,B,B,H,A,A,H,B,A,A,A,-,H,A,H,H,H,H,B,B,A,B,B,H,A,A
TT143,A,A,A,A,A,A,A,B,B,B,B,B,B,B,A,B,B,B,B,A,A,A,A,A,A,A,A,A,A,A,B,B,B,B,B,B,A,A,A,A,A,A,B,B,B,B,B,B,A,A,A,A,A,H,H,B,B,B,A,A,A,A,A,B,-,B,B,B,B,B,A,B,A,A,A,A,A,A,B,B,B,B,-,A,A,A,B,A,A,A,A,A,A,B,A,A,A,A,A,A,A,A,B,A,A,B,B,B,A,B,B,B,A,A,A
TT145,A,B,-,B,B,B,B,B,B,B,A,A,B,B,B,A,B,-,B,B,B,B,B,B,B,A,A,A,A,A,A,A,B,B,B,A,B,-,A,H,H,A,A,A,A,A,A,A,B,B,B,B,B,B,B,B,B,B,A,A,A,A,A,B,B,B,B,A,A,A,-,A,A,A,A,A,A,A,A,A,B,B,B,B,B,B,A,A,A,A,A,A,A,B,A,-,A,A,B,B,A,A,A,A,B,B,B,B,A,B,B,B,B,B,B
TT146,A,A,A,A,B,B,B,B,B,B,A,A,A,A,A,B,B,B,B,A,-,A,A,B,B,B,B,A,A,A,B,B,B,B,B,B,B,B,B,B,B,B,A,H,A,A,A,A,A,A,A,A,A,A,A,A,A,A,B,B,B,B,B,B,B,B,A,A,A,B,B,A,B,A,A,A,A,A,A,B,B,B,B,B,B,B,B,B,B,B,B,A,B,A,A,A,A,B,B,B,B,A,A,B,B,B,A,A,B,B,B,B,A,A,B
TT149,A,B,-,B,B,B,A,B,A,A,B,B,A,A,A,B,B,B,A,A,B,B,B,A,A,B,B,B,A,A,A,A,B,B,B,B,A,B,B,B,B,B,A,A,A,H,-,B,B,B,B,-,B,B,B,B,A,A,A,A,A,B,B,B,-,B,A,A,B,B,B,B,B,-,B,H,A,-,B,B,B,B,B,B,B,B,A,A,A,B,B,A,A,A,A,-,B,B,A,-,-,A,A,A,A,A,A,B,B,B,B,B,B,B,A
TT150,B,B,-,B,A,A,A,A,B,A,A,A,B,A,A,B,B,B,A,A,A,A,A,A,B,B,B,B,B,A,A,B,A,A,A,B,B,B,B,B,B,B,B,B,B,B,B,B,B,B,B,-,B,A,A,A,A,A,A,A,A,A,A,A,-,A,H,-,A,B,B,B,A,A,A,A,A,A,A,A,A,A,A,A,A,B,A,A,A,B,B,A,A,A,A,-,A,A,A,A,A,B,A,A,A,A,A,A,B,B,B,B,B,B,B
TT151,A,A,-,A,A,A,A,B,A,A,B,B,B,B,B,B,B,A,A,A,A,A,B,A,A,A,A,A,A,A,A,A,A,A,A,A,A,B,B,B,B,A,A,A,A,A,A,A,B,B,B,-,B,B,B,B,B,B,A,A,A,B,B,B,B,A,A,A,B,A,A,A,B,B,B,B,B,-,B,B,B,B,B,B,B,B,B,B,B,B,A,A,A,-,A,A,B,B,A,A,A,B,B,B,B,B,A,B,A,A,B,B,B,B,B
TT152,A,A,-,A,A,A,A,A,A,A,B,B,B,B,H,B,B,B,B,B,-,B,B,B,-,B,B,B,B,B,B,B,B,B,A,A,A,A,A,B,B,B,B,B,B,B,B,A,A,A,A,-,-,A,A,A,A,A,A,A,A,B,B,B,-,B,B,B,B,B,-,B,B,-,A,A,A,A,A,A,A,A,B,A,A,A,B,B,B,B,B,B,B,A,A,-,-,B,B,B,-,B,B,B,B,H,B,B,A,A,A,A,A,A,A
TT153,A,A,A,A,A,A,A,B,B,B,A,A,A,A,B,B,A,A,A,A,A,B,B,B,B,A,A,A,B,A,A,A,A,A,B,B,B,A,A,B,B,A,A,A,A,A,A,A,A,A,A,A,A,B,B,B,B,B,B,B,B,A,A,-,A,A,B,B,B,B,B,B,B,B,B,B,A,A,B,B,B,B,B,A,A,A,B,B,B,B,B,A,A,B,B,B,B,B,B,B,B,A,A,A,B,B,B,B,B,B,B,B,A,A,B
TT154,A,A,-,A,B,B,B,A,A,B,B,B,B,B,B,B,A,A,A,A,A,A,B,B,B,B,B,A,A,A,A,A,A,A,A,A,A,A,A,A,B,B,A,A,A,A,A,B,A,A,A,-,A,A,A,A,A,A,B,B,A,A,A,A,A,A,A,A,A,B,H,H,A,A,A,A,H,B,B,B,B,B,B,B,B,B,A,B,B,B,B,A,A,A,A,A,B,B,B,B,B,A,A,A,B,B,B,B,B,B,B,B,B,B,A
TT155,A,A,A,A,A,A,B,A,A,A,A,A,A,A,A,B,B,B,B,B,A,A,A,A,A,A,A,A,B,B,B,B,B,A,A,B,B,B,B,A,A,A,B,B,A,B,B,B,B,B,B,B,B,B,A,A,A,A,A,A,A,A,A,B,B,B,A,A,B,B,B,B,B,B,B,B,B,B,B,A,A,A,A,A,B,B,B,A,A,B,B,B,B,B,B,B,A,A,B,B,B,A,B,B,B,B,B,B,A,A,A,A,A,B,B
TT156,B,B,A,B,B,B,B,B,A,A,A,A,A,A,A,A,B,B,B,B,B,B,B,B,B,B,B,B,B,A,A,A,A,-,A,A,A,A,A,A,A,A,A,A,A,A,A,A,B,A,A,-,-,A,B,B,B,B,B,B,B,B,B,B,B,B,A,A,A,A,A,B,-,B,B,B,A,A,B,B,B,B,B,A,A,A,B,B,B,B,B,B,B,B,A,A,A,A,A,A,A,B,B,B,B,B,B,B,B,A,A,A,B,B,B
TT157,A,A,A,B,B,B,B,B,B,B,A,A,A,A,B,B,B,B,B,A,A,A,A,A,A,B,A,A,B,B,B,B,B,B,A,A,A,A,B,A,A,B,B,B,B,B,A,A,A,A,A,A,A,A,A,A,B,B,B,B,B,A,A,A,A,A,A,B,B,B,B,B,B,B,B,A,A,A,A,A,B,B,B,B,B,B,B,B,A,A,A,B,B,B,B,H,B,B,B,B,B,B,B,B,B,B,B,A,B,B,B,B,B,B,B
TT158,A,A,A,A,A,A,A,B,B,B,B,B,A,A,B,B,B,B,B,B,B,B,B,B,B,A,B,B,B,B,B,B,B,B,B,A,A,A,A,A,A,A,A,A,A,A,A,A,B,B,A,A,A,A,A,A,B,B,B,B,B,A,A,A,A,A,B,B,B,A,A,A,H,B,B,B,B,B,B,B,B,B,B,B,B,B,A,A,A,A,A,A,A,A,A,A,A,A,A,A,A,B,B,B,B,H,A,A,A,A,B,A,A,A,H
TT159,B,B,B,B,B,B,B,A,A,A,A,A,B,B,B,B,A,A,A,A,B,B,B,A,A,B,B,B,B,B,B,B,B,B,B,B,B,B,A,A,A,A,A,A,A,A,A,A,B,B,B,B,B,B,B,B,A,A,A,A,A,B,B,B,B,A,A,A,-,B,B,B,B,B,B,B,B,B,A,A,A,A,A,A,B,B,A,A,B,B,B,B,A,A,A,A,A,A,B,B,A,A,A,A,A,A,A,A,B,B,B,B,B,B,B
TT160,A,A,A,A,A,A,A,B,A,A,A,A,A,A,A,A,A,A,A,A,A,B,B,B,B,A,A,A,A,A,A,A,B,-,B,B,A,B,B,B,B,B,B,B,B,B,B,B,B,A,A,A,A,A,A,A,A,A,B,B,B,A,A,A,-,B,B,B,B,H,B,B,B,B,B,B,A,A,A,A,A,A,A,B,B,A,B,B,B,A,A,B,B,B,A,B,A,A,A,A,B,B,A,A,B,B,B,B,B,B,B,B,B,B,A
TT161,B,B,B,B,B,B,B,B,B,B,A,A,A,A,A,A,B,B,B,B,B,B,B,B,B,B,B,B,A,A,A,A,A,A,A,A,A,A,A,-,A,A,A,A,A,A,A,A,B,A,A,A,A,A,A,A,A,A,A,B,B,A,B,B,-,B,B,A,A,A,B,A,B,B,B,A,A,B,B,B,B,A,A,-,A,A,B,B,B,B,B,B,B,B,A,A,A,A,A,A,A,A,A,B,B,A,A,A,A,B,B,B,B,B,A
TT162,B,B,-,B,B,A,A,B,B,B,A,A,B,B,A,B,B,B,B,B,-,B,B,B,B,A,A,A,A,A,B,B,A,A,A,A,A,B,B,A,B,B,B,B,B,A,A,A,B,B,B,A,B,A,A,A,A,A,B,A,A,B,B,B,-,B,B,B,A,B,A,A,A,A,A,B,B,B,A,B,B,B,B,B,B,B,B,B,B,B,B,B,B,B,A,-,A,B,A,B,-,B,B,B,B,B,B,A,A,A,A,A,A,A,B
TT163,B,B,-,B,B,B,A,B,A,A,A,A,A,A,A,B,B,B,A,A,-,A,A,A,A,B,B,B,A,A,A,A,A,B,B,B,B,B,B,B,B,B,B,B,B,B,B,B,A,A,A,A,A,A,B,-,A,A,A,A,A,A,A,A,-,A,A,B,A,A,A,A,A,A,A,B,B,B,A,A,B,B,A,A,B,B,A,A,A,B,B,A,A,A,B,B,B,B,A,A,A,A,A,A,A,A,A,A,A,A,A,A,B,B,B
TT164,B,A,A,A,A,A,A,B,B,B,B,B,B,B,A,A,A,B,A,B,A,A,B,A,A,B,B,B,B,B,B,A,A,A,A,A,A,B,B,B,B,B,B,A,A,A,A,A,A,A,A,A,A,A,A,A,B,B,A,A,A,B,B,B,B,B,A,A,B,B,B,A,A,A,A,A,B,B,B,B,A,A,A,-,A,A,B,B,B,B,B,A,A,A,B,B,B,B,B,B,B,A,A,B,B,B,B,B,B,A,A,-,A,A,A
